Path,Class
EdgeChip4/63.jpg,0
EdgeChip4/62.jpg,0
EdgeChip4/60.jpg,0
EdgeChip4/48.jpg,1
EdgeChip4/49.jpg,0
EdgeChip4/61.jpg,0
EdgeChip4/59.jpg,0
EdgeChip4/58.jpg,0
EdgeChip4/8.jpg,0
EdgeChip4/15.jpg,0
EdgeChip4/16.jpg,0
EdgeChip4/39.jpg,0
EdgeChip4/23.jpg,0
EdgeChip4/32.jpg,0
EdgeChip4/24.jpg,0
EdgeChip4/31.jpg,0
EdgeChip4/4.jpg,0
EdgeChip4/5.jpg,0
EdgeChip4/55.jpg,0
EdgeChip4/7.jpg,0
EdgeChip4/40.jpg,0
EdgeChip4/6.jpg,0
EdgeChip4/2.jpg,0
EdgeChip4/50.jpg,0
EdgeChip4/3.jpg,0
EdgeChip4/47.jpg,0
EdgeChip4/1.jpg,0
EdgeChip4/0.jpg,0
EdgeChip3/63.jpg,0
EdgeChip3/62.jpg,0
EdgeChip3/60.jpg,0
EdgeChip3/48.jpg,0
EdgeChip3/49.jpg,0
EdgeChip3/61.jpg,0
EdgeChip3/59.jpg,0
EdgeChip3/58.jpg,0
EdgeChip3/8.jpg,0
EdgeChip3/15.jpg,0
EdgeChip3/16.jpg,0
EdgeChip3/39.jpg,0
EdgeChip3/38.jpg,0
EdgeChip3/23.jpg,0
EdgeChip3/32.jpg,0
EdgeChip3/24.jpg,0
EdgeChip3/31.jpg,0
EdgeChip3/4.jpg,0
EdgeChip3/5.jpg,0
EdgeChip3/55.jpg,0
EdgeChip3/7.jpg,0
EdgeChip3/40.jpg,0
EdgeChip3/6.jpg,0
EdgeChip3/2.jpg,0
EdgeChip3/50.jpg,0
EdgeChip3/3.jpg,0
EdgeChip3/47.jpg,0
EdgeChip3/1.jpg,0
EdgeChip3/0.jpg,1
WetEdge1/63.jpg,0
WetEdge1/62.jpg,0
WetEdge1/60.jpg,2
WetEdge1/48.jpg,0
WetEdge1/49.jpg,2
WetEdge1/61.jpg,0
WetEdge1/59.jpg,2
WetEdge1/58.jpg,2
WetEdge1/8.jpg,0
WetEdge1/15.jpg,0
WetEdge1/16.jpg,0
WetEdge1/39.jpg,0
WetEdge1/23.jpg,0
WetEdge1/32.jpg,0
WetEdge1/24.jpg,0
WetEdge1/31.jpg,0
WetEdge1/4.jpg,0
WetEdge1/5.jpg,0
WetEdge1/55.jpg,0
WetEdge1/7.jpg,0
WetEdge1/40.jpg,0
WetEdge1/6.jpg,0
WetEdge1/2.jpg,0
WetEdge1/50.jpg,2
WetEdge1/3.jpg,0
WetEdge1/47.jpg,0
WetEdge1/1.jpg,0
WetEdge1/0.jpg,0
EdgeChip2/63.jpg,0
EdgeChip2/62.jpg,0
EdgeChip2/60.jpg,0
EdgeChip2/48.jpg,1
EdgeChip2/49.jpg,0
EdgeChip2/61.jpg,0
EdgeChip2/59.jpg,0
EdgeChip2/58.jpg,0
EdgeChip2/8.jpg,0
EdgeChip2/15.jpg,0
EdgeChip2/16.jpg,0
EdgeChip2/39.jpg,0
EdgeChip2/23.jpg,0
EdgeChip2/32.jpg,0
EdgeChip2/24.jpg,0
EdgeChip2/31.jpg,0
EdgeChip2/4.jpg,0
EdgeChip2/5.jpg,0
EdgeChip2/55.jpg,0
EdgeChip2/7.jpg,0
EdgeChip2/40.jpg,0
EdgeChip2/6.jpg,0
EdgeChip2/2.jpg,0
EdgeChip2/50.jpg,0
EdgeChip2/3.jpg,0
EdgeChip2/47.jpg,0
EdgeChip2/1.jpg,0
EdgeChip2/0.jpg,0
WetEdge6/63.jpg,0
WetEdge6/62.jpg,0
WetEdge6/60.jpg,0
WetEdge6/48.jpg,0
WetEdge6/49.jpg,0
WetEdge6/61.jpg,0
WetEdge6/59.jpg,2
WetEdge6/58.jpg,0
WetEdge6/8.jpg,0
WetEdge6/15.jpg,0
WetEdge6/16.jpg,0
WetEdge6/39.jpg,0
WetEdge6/23.jpg,0
WetEdge6/32.jpg,0
WetEdge6/24.jpg,0
WetEdge6/31.jpg,0
WetEdge6/4.jpg,0
WetEdge6/5.jpg,0
WetEdge6/55.jpg,0
WetEdge6/7.jpg,0
WetEdge6/40.jpg,0
WetEdge6/6.jpg,2
WetEdge6/2.jpg,0
WetEdge6/50.jpg,0
WetEdge6/3.jpg,0
WetEdge6/47.jpg,0
WetEdge6/1.jpg,0
WetEdge6/0.jpg,0
WetEdge3/63.jpg,0
WetEdge3/62.jpg,0
WetEdge3/60.jpg,2
WetEdge3/48.jpg,0
WetEdge3/49.jpg,0
WetEdge3/61.jpg,0
WetEdge3/59.jpg,2
WetEdge3/58.jpg,0
WetEdge3/8.jpg,0
WetEdge3/15.jpg,0
WetEdge3/16.jpg,0
WetEdge3/39.jpg,0
WetEdge3/23.jpg,0
WetEdge3/32.jpg,0
WetEdge3/24.jpg,0
WetEdge3/31.jpg,0
WetEdge3/4.jpg,0
WetEdge3/5.jpg,0
WetEdge3/55.jpg,0
WetEdge3/7.jpg,0
WetEdge3/40.jpg,0
WetEdge3/6.jpg,0
WetEdge3/2.jpg,0
WetEdge3/50.jpg,2
WetEdge3/3.jpg,0
WetEdge3/47.jpg,0
WetEdge3/1.jpg,0
WetEdge3/0.jpg,0
WetEdge4/63.jpg,0
WetEdge4/62.jpg,0
WetEdge4/60.jpg,0
WetEdge4/48.jpg,0
WetEdge4/49.jpg,0
WetEdge4/61.jpg,0
WetEdge4/59.jpg,2
WetEdge4/58.jpg,2
WetEdge4/8.jpg,0
WetEdge4/15.jpg,0
WetEdge4/16.jpg,0
WetEdge4/39.jpg,0
WetEdge4/23.jpg,0
WetEdge4/32.jpg,0
WetEdge4/24.jpg,0
WetEdge4/31.jpg,0
WetEdge4/4.jpg,0
WetEdge4/5.jpg,0
WetEdge4/55.jpg,0
WetEdge4/7.jpg,0
WetEdge4/40.jpg,0
WetEdge4/6.jpg,0
WetEdge4/2.jpg,0
WetEdge4/50.jpg,2
WetEdge4/3.jpg,0
WetEdge4/47.jpg,0
WetEdge4/1.jpg,0
WetEdge4/0.jpg,0
GoodImage/63.jpg,0
GoodImage/62.jpg,0
GoodImage/60.jpg,0
GoodImage/48.jpg,0
GoodImage/49.jpg,0
GoodImage/61.jpg,0
GoodImage/59.jpg,0
GoodImage/58.jpg,0
GoodImage/8.jpg,0
GoodImage/15.jpg,0
GoodImage/16.jpg,0
GoodImage/39.jpg,0
GoodImage/23.jpg,0
GoodImage/32.jpg,0
GoodImage/24.jpg,0
GoodImage/31.jpg,0
GoodImage/4.jpg,0
GoodImage/5.jpg,0
GoodImage/55.jpg,0
GoodImage/7.jpg,0
GoodImage/40.jpg,0
GoodImage/6.jpg,0
GoodImage/2.jpg,0
GoodImage/50.jpg,0
GoodImage/3.jpg,0
GoodImage/47.jpg,0
GoodImage/1.jpg,0
GoodImage/0.jpg,0
WetEdge5/63.jpg,0
WetEdge5/62.jpg,0
WetEdge5/60.jpg,2
WetEdge5/48.jpg,0
WetEdge5/49.jpg,0
WetEdge5/61.jpg,0
WetEdge5/59.jpg,2
WetEdge5/58.jpg,2
WetEdge5/8.jpg,0
WetEdge5/15.jpg,0
WetEdge5/16.jpg,0
WetEdge5/39.jpg,0
WetEdge5/23.jpg,0
WetEdge5/32.jpg,0
WetEdge5/24.jpg,0
WetEdge5/31.jpg,0
WetEdge5/4.jpg,0
WetEdge5/5.jpg,0
WetEdge5/55.jpg,0
WetEdge5/7.jpg,0
WetEdge5/40.jpg,0
WetEdge5/6.jpg,0
WetEdge5/2.jpg,0
WetEdge5/50.jpg,2
WetEdge5/3.jpg,0
WetEdge5/47.jpg,0
WetEdge5/1.jpg,0
WetEdge5/0.jpg,0
WetEdge2/63.jpg,0
WetEdge2/62.jpg,0
WetEdge2/60.jpg,2
WetEdge2/48.jpg,0
WetEdge2/49.jpg,0
WetEdge2/61.jpg,0
WetEdge2/59.jpg,2
WetEdge2/58.jpg,2
WetEdge2/8.jpg,0
WetEdge2/15.jpg,0
WetEdge2/16.jpg,0
WetEdge2/39.jpg,0
WetEdge2/23.jpg,0
WetEdge2/32.jpg,0
WetEdge2/24.jpg,0
WetEdge2/31.jpg,0
WetEdge2/4.jpg,0
WetEdge2/5.jpg,0
WetEdge2/55.jpg,0
WetEdge2/7.jpg,0
WetEdge2/40.jpg,0
WetEdge2/6.jpg,0
WetEdge2/2.jpg,0
WetEdge2/50.jpg,2
WetEdge2/3.jpg,0
WetEdge2/47.jpg,0
WetEdge2/1.jpg,0
WetEdge2/0.jpg,0
EdgeChip1/63.jpg,0
EdgeChip1/62.jpg,0
EdgeChip1/60.jpg,0
EdgeChip1/48.jpg,0
EdgeChip1/49.jpg,0
EdgeChip1/61.jpg,0
EdgeChip1/59.jpg,0
EdgeChip1/58.jpg,0
EdgeChip1/8.jpg,0
EdgeChip1/15.jpg,0
EdgeChip1/16.jpg,0
EdgeChip1/39.jpg,0
EdgeChip1/23.jpg,0
EdgeChip1/32.jpg,0
EdgeChip1/24.jpg,0
EdgeChip1/31.jpg,0
EdgeChip1/4.jpg,0
EdgeChip1/5.jpg,0
EdgeChip1/55.jpg,0
EdgeChip1/7.jpg,0
EdgeChip1/40.jpg,0
EdgeChip1/6.jpg,0
EdgeChip1/2.jpg,0
EdgeChip1/50.jpg,0
EdgeChip1/3.jpg,0
EdgeChip1/47.jpg,0
EdgeChip1/1.jpg,0
EdgeChip1/52.jpg,0
EdgeChip1/0.jpg,1